id,first_name,last_name,age
101,Henry,Johnson,24
102,Amelia,Clark,25
103,Ethan,Adams,26
104,Grace,Wright,27
105,Liam,Martin,28
106,Chloe,Thomas,29
107,Noah,Moore,30
108,Ella,King,31
109,Logan,Hall,32
110,Mia,Allen,33
111,Owen,Young,34
112,Harper,Turner,35
113,Jack,Harris,36
114,Avery,Lewis,37
115,Charlotte,Scott,38
116,Lucas,Green,39
117,Aria,Hill,40
118,Carter,Walker,41
119,Addison,Perez,42
120,Lincoln,Roberts,43
121,Ellie,Cook,44
122,Evan,Murphy,45
123,Aurora,Bailey,46
124,Mason,Richardson,47
125,Scarlett,White,48
126,Landon,Thompson,49
127,Sofia,Rogers,50
128,Matthew,Carter,51
129,Luna,Reed,52
130,Brayden,Adams,53
131,Zoey,Collins,54
132,Michael,Morris,55
133,Hazel,Garcia,56
134,Levi,Anderson,57
135,Skylar,Martinez,58
136,Riley,Rodriguez,59
137,Isaac,Lopez,60
138,Penelope,Hernandez,61
139,David,King,62
140,Emilia,Perez,63
141,Gabriel,Adams,64
142,Allison,Scott,65
143,Eleanor,Hill,66
144,Lincoln,Watson,67
145,Anna,Cooper,68
146,Aiden,Richardson,69
147,Nova,Ward,70
148,Layla,Rivera,71
149,Jaxon,Brooks,72
150,Ellie,Bennett,73
151,Grayson,Gray,74
152,Stella,James,75
153,Landon,Fisher,76
154,Willow,Price,77
155,Lucas,Stewart,78
156,Ariana,Ross,79
157,Julian,Phillips,80
158,Serenity,Evans,81
159,Miles,Cruz,82
160,Hailey,Nelson,83
161,Gabriel,Howard,84
162,Autumn,Morris,85
163,Colton,Sanchez,86
164,Emery,Rogers,87
165,Layla,Perry,88
166,Ezekiel,Bell,89
167,Brooklyn,Parker,90
168,Hudson,Woods,91
169,Alexander,James,92
170,Maya,Watson,93
171,Leo,Hughes,94
172,Trinity,Richardson,95
173,Asher,Bailey,96
174,Eva,Bryant,97
175,Liam,Knight,98
176,Lydia,Foster,99
177,Asher,Gray,100
178,Aubrey,Barnes,101
179,Adrian,Clark,102
180,Leah,Turner,103
181,Easton,Peterson,104
182,Aaliyah,Richardson,105
183,Zachary,Bailey,106
184,Piper,Morgan,107
185,Jude,Howard,108
186,Naomi,Watson,109
187,Milo,Roberts,110
188,Genesis,Turner,111
189,Ezra,Peterson,112
190,Lilly,Richardson,113
191,Hannah,Bailey,114
192,Weston,Morgan,115
193,Alexandra,Howard,116
194,Jordan,Watson,117
195,Bryson,Roberts,118
196,Julia,Turner,119
197,Gavin,Peterson,120
198,Delilah,Richardson,121
199,Leonardo,Bailey,122
200,Kennedy,Morgan,123